;sequences;SV;index;Kingdom;Phylum;Class;Order;Family;Genus;SV;otu_index
SV1;ACGCTGGCGGCGTGCCTAATACATGCAAGTCGAACGATGAAGCTTTTAGCTTGCTAGAAGTGGATTAGTGGCGCACGGGTGAGTAATGCATAGGTTATGTGCCTCATAGTCTAGGATAGCCATTGGAAACGATGATTAATACTGGATACTCCCTACGGGGGAAAGTTTTTCGCTATGAGATCAGCCTATGTCCTATCAGCTTGTTGGTGAGGTAATGGCTCACCAAGGCTATGACGGGTATCCGGCCTGAGAGGGTGAACGGACACACTGGAACTGAGACACGG;SV1;1;K_Bacteria;P_Proteobacteria;C_Epsilonproteobacteria;O_Campylobacterales;F_Helicobacteraceae;G_Helicobacter;SV1;1
SV2;ACGCTGGCGGCGTGCCTAATACATGCAAGTCGAACGATGAAGCTCTAGCTTGCTAGAGTGGATTAGTGGCGCACGGGTGAGTAATGCATAGATAACATGCCCTTTAGTCTAGGATAGCCATTGGAAACGATGATTAATACTGGATACTCCTTACGAGGGAAAGTTTTTCGCTAAAGGATTGGTCTATGTCCTATCAGCTTGTTGGTGAGGTAATGGCTCACCAAGGCTATGACGGGTATCCGGCCTGAGAGGGTGAACGGACACACTGGAACTGAGACACGG;SV2;2;K_Bacteria;P_Proteobacteria;C_Epsilonproteobacteria;O_Campylobacterales;F_Helicobacteraceae;G_Helicobacter;SV2;2
SV3;ACGCTGGCGGCGTGCCTAATACATGCAAGTCGAACGATGAATCTTCTAGCTTGCTAGAAGTGGATTAGTGGCGCACGGGTGAGTAATGCATAGGTTATGTGCCCTTTAGTCTGGGATAGCCACTGGAAACGGTGATTAATACTGGATATTCCCTACGGGGGAAAGTTTTTCGCTAAAGGATCAGCCTATGTCCTATCAGCTTGTTGGTGAGGTAATGGCTCACCAAGGCTATGACGGGTATCCGGCCTGAGAGGGTGATCGGACACACTGGAACTGAGACACGG;SV3;3;K_Bacteria;P_Proteobacteria;C_Epsilonproteobacteria;O_Campylobacterales;F_Helicobacteraceae;G_Helicobacter;SV3;3
SV4;ACGCTGGCGGCGTGCCTAATACATGCAAGTCGAGCGAGCTTGCCTAGATGATTTTAGTGCTTGCACTAAATGAAACTAGATACAAGCTAGCGGCGGACGGGTGAGTAACACGTGGGTAACCTGCCCAAGAGACTGGGATAACACCTGGAAACAGATGCTAATACCGGATAACAACACTAGACGCATGTCTAGAGTTTAAAAGATGGTTCTGCTATCACTCTTGGATGGACCTGCGGTGCATTAGCTAGTTGGTAAGGTAACGGCTTACCAAGGCAATGATGCATAGCCGAGTTGAGAGACTGATCGGCCACATTGGGACTGAGACACGG;SV4;4;K_Bacteria;P_Firmicutes;C_Bacilli;O_Lactobacillales;F_Lactobacillaceae;G_Lactobacillus;SV4;4
SV5;ACGCTGGCGGCGTGCTTAACACATGCAAGTCGAACGGACTCATATTGAAACCTAGTGATTTATGAGTTAGTGGCGGACGGGTGAGTAACGCGTGGATAACCTGCCGTATACCGGGGGATAACACTTAGAAATAGGTGCTAATACCGCATAAGCGCACGGCTCCGCATGGGGCAGTGTGAAAAACTCCGGTGGTATACGATGGATCCGCGTCTGATTAGCTAGTTGGCGGGGTAACGGCCCACCAAGGCAGCGATCAGTAGCCGGCCTGAGAGGGTGGACGGCCACATTGGGACTGAGACACGG;SV5;5;K_Bacteria;P_Firmicutes;C_Clostridia;O_Clostridiales;F_Lachnospiraceae;unclassified_F_Lachnospiraceae;SV5;5
SV6;ACGCTGGCGGCGTGCTTAACACATGCAAGTCAGGGAGAAAGTTTCTTCGGGAGCGAGTAAACCGGCGCACGGGTGAGTAACACGTGAGTAACCTTCCTTTTAGACTGGAACAACTTACCGAAAGGTGAGCTAATGCCGGATGAATTATGTAACCGCATGGTTATATAGAAAAAGTTGGGGCGACCTGACGCTAAAAGATGGACTCGCGTCCCATTAGCTAGTTGGTGGGGTATTGGCCTACCAAGGCGACGATGGGTAGCCGGCCTGAGAGGGTGGCCGGCCACACTGGGACTGAGACACGG;SV6;6;K_Bacteria;P_Deferribacteres;C_Deferribacteres;O_Deferribacterales;F_Deferribacteraceae;G_Mucispirillum;SV6;6
SV7;ACGCTAGCTACAGGCTTAACACATGCAAGTCGAGGGGCAGCATGAACTTAGCTTGCTAAGTTTGATGGCGACCGGCGCACGGGTGAGTAACGCGTATCCAACCTTCCCATGGCTGCGGGATAGCCCGGTGAAAACCGGATTAATACCGCATGGCGTCCCTTGACGGCATCCGACAGGGACTAAAGTTTTTTCGGCCATGGATGGGGATGCGTCCGATTAGCTTGTTGGCGGGGTAACGGCCCACCAAGGCTACGATCGGTAGGGGTTCTGAGAGGAAGGTCCCCCACACTGGAACTGAGACACGG;SV7;7;K_Bacteria;P_Bacteroidetes;C_Bacteroidia;O_Bacteroidales;F_Prevotellaceae;G_Paraprevotella;SV7;7
SV9;ACGCTGGCGGCGTGCCTAATACATGCAAGTCGAGCGAACAGACGAGGAGCTTGCTCCTCTGACGTTAGCGGCGGACGGGTGAGTAACACGTGGATAACCTACCTATAAGACTGGGATAACTTCGGGAAACCGGAGCTAATACCGGATAATATATTGAACCGCATGGTTCAATAGTGAAAGACGGTTTTGCTGTCACTTATAGATGGATCCGCGCCGCATTAGCTAGTTGGTAAGGTAACGGCTTACCAAGGCAACGATGCGTAGCCGACCTGAGAGGGTGATCGGCCACACTGGAACTGAGACACGG;SV9;9;K_Bacteria;P_Firmicutes;C_Bacilli;O_Bacillales;F_Staphylococcaceae;G_Staphylococcus;SV9;9
SV10;ACGCTGGCGGCGTGCTTAACACATGCAAGTCAGGGAGAAAGTTCCATTTGGAGTGAGTAAACCGGCGCACGGGTGAGTAACACGTGAGTAACCTTCCTTTTAGACTGGAACAACTTACCGAAAGGTGAGCTAATGCCGGATGAATTATGTAACCGCATGGTTATATAGAAAAAGCCGGGGCAACCTGGCGCTAAAAGATGGACTCGCGTCCCATTAGCTAGTTGGTGGGGTAGAGGCCTACCAAGGCGACGATGGGTAGCCGGCCTGAGAGGGTAGCCGGCCACACTGGGACTGAGACACGG;SV10;10;K_Bacteria;P_Deferribacteres;C_Deferribacteres;O_Deferribacterales;F_Deferribacteraceae;G_Mucispirillum;SV10;10
SV12;ACGCTGGCGGCGTGCCTAACACATGCAAGTCGAACGGATCCATATTGAAACCTAGTGATGTATGGATTAGTGGCGGACGGGTGAGTAACGCGTGGATAACCTGCCGTATACAGGGGGATAACACTTAGAAATAGGTGCTAATACCGCATAAGCGCACGGTTCCGCATGGAACAGTGTGAAAAACTCCGGTGGTATACGATGGATCCGCGTCTGATTAGCCAGTTGGCGGGGTAACGGCCCACCAAAGCGACGATCAGTAGCCGGCCTGAGAGGGTGAACGGCCACATTGGGACTGAGACACGG;SV12;12;K_Bacteria;P_Firmicutes;C_Clostridia;O_Clostridiales;F_Lachnospiraceae;G_Eisenbergiella;SV12;11
SV13;ACGCTGGCGGCGTGCTTAACACATGCAAGTCAGGGAGAAAGTTCCTTCGGGAGCGAGTAAACCGGCGCACGGGTGAGTAACACGTGAGTAACCTGCCTTTTAGACTGGAACAACTTACCGAAAGGTGAGCTAATGCCGGATGAATTATGTAACCGCATGGTTATATAGAAAAAGTTGGGGCGACCTGACGCTAAAAGATGGACTCGCGTCCCATTAGCTAGTTGGTGGGGTATTGGCCTACCAAGGCGACGATGGGTAGCCGGCCTGAGAGGGTGGCCGGCCACACTGGGACTGAGACACGG;SV13;13;K_Bacteria;P_Deferribacteres;C_Deferribacteres;O_Deferribacterales;F_Deferribacteraceae;G_Mucispirillum;SV13;12
SV14;ACGCTGGCGGCGTGCTTAACACATGCAAGTCGAACGGACTCATATTGAAACCTAGTGATATATGAGTTAGTGGCGGACGGGTGAGTAACGCGTGGAGAACCTGCCGTATACTGGGGGATAACACTTAGAAATAGGTGCTAATACCGCATAAGCGCACAGCTTCGCATGAAGCAGTGTGAAAAACTCCGGTGGTATACGATGGATCCGCGTCTGATTAGCTGGTTGGCGGGGTAAAGGCCCACCAAGGCGACGATCAGTAGCCGGCCTGAGAGGGTGAACGGCCACATTGGGACTGAGACACGG;SV14;14;K_Bacteria;P_Firmicutes;C_Clostridia;O_Clostridiales;F_Lachnospiraceae;unclassified_F_Lachnospiraceae;SV14;13
SV17;ACGCTGGCGGCGTGCCTAACACATGCAAGTCGAACGGACTTATAACGAAACCTAGTGAATTATAAGTTAGTGGCGGACGGGTGAGTAACGCGTGGAAAACCTGCCGTATACTGGGGGATAACACTTAGAAATAGGTGCTAATACCGCATAAGCGCACAGCTTCGCATGAAGCAGTGTGAAAAACTCCGGTGGTATACGATGGTTCCGCGTCTGATTAGCTAGTTGGTGAGGTAAAAGCCCACCAAGGCAACGATCAGTAGCCGGCCTGAGAGGGTGAACGGCCACATTGGGACTGAGACACGG;SV17;17;K_Bacteria;P_Firmicutes;C_Clostridia;O_Clostridiales;F_Lachnospiraceae;G_Eisenbergiella;SV17;16
SV19;ACGCTAGCTACAGGCTTAACACATGCAAGTCGAGGGGCATCAGGAAGGAAGCTTGCTTTCTTCGCTGGCGACCGGCGCACGGGTGAGTAACACGTATCCAACCTGCCGAAGACTCGGGGATAGCCTTTCGAAAGAAAGATTAATACCCGATGGCATGACCTTGAGGCATCTCTTGGTCATTAAAGAATTTCGGTCTTCGATGGGGATGCGTTCCATTAGCTTGTTGGCGGGGTAACGGCCCACCAAGGCATCGATGGATAGGGGTTCTGAGAGGAAGGTCCCCCACATTGGAACTGAGACACGG;SV19;19;K_Bacteria;P_Bacteroidetes;C_Bacteroidia;O_Bacteroidales;F_Bacteroidaceae;G_Bacteroides;SV19;18
SV20;ACGCCGGCGGTGTGCCTAATACATGCAAGTCGTACGCACTGGCCCAACTGATTGATGGTGCTTGCACCTGATTGACGTTGGATCACCAGTGAGTGGCGGACGGGTGAGTAACACGTAGGTAACCTGCCCCGGAGCGGGGGATAACATTTGGAAACAGATGCTAATACCGCATAACAACAAAAGCCACATGGCTTTTGTTTGAAAGATGGCTTTAGCTATCACTCTGGGATGGACCTGCGGTGCATTAGCTAGTTGGTAAGGTAACGGCTTACCAAGGCGATGATGCATAGCCGAGTTGAGAGACTGATCGGCCACAATGGAACTGAGACACGG;SV20;20;K_Bacteria;P_Firmicutes;C_Bacilli;O_Lactobacillales;F_Lactobacillaceae;G_Lactobacillus;SV20;19
SV21;ACGCTAGCGGCAGGCTTAACACATGCAAGTCGAGGGGCAGCGAGATCAGTGCTTGCACTGATTGTCGGCGACCGGCGCACGGGTGCGTAACGCGTATGCAACCTACCCATTACAGGGGGATAACACTGAGAAATCGGTACTAATACCCCATAACATCCAGGGAGGCATCTTCTTGGGTTGAAAACTCCGGTGGTAATGGATGGGCATGCGTTGTATTAGTTAGTTGGTGGGGTAACGGCTCACCAAGACAACGATACATAGGGGGACTGAGAGGTTAACCCCCCACATTGGTACTGAGACACGG;SV21;21;K_Bacteria;P_Bacteroidetes;C_Bacteroidia;O_Bacteroidales;F_Rikenellaceae;G_Alistipes;SV21;20
SV22;ACGCTAGCTACAGGCTTAACACATGCAAGTCGAGGGGCAGCATGAACTTAGCTTGCTAAGTTCGATGGCGACCGGCGCACGGGTGAGTAACACGTATCCAACCTGCCTTCAACTCAGGGATAGCCTTTCGAAAGAAAGATTAATACTTGATGGCATAACCTGGTCTCCTGACTTGGTTATTAAAGAATTTCGGTTGAAGATGGGGATGCGTTCCATTAGGCAGTTGGCGGGGTAACGGCCCACCAAACCTACGATGGATAGGGGTTCTGAGAGGAAGGTCCCCCACATTGGAACTGAGACACGG;SV22;22;K_Bacteria;P_Bacteroidetes;C_Bacteroidia;O_Bacteroidales;F_Bacteroidaceae;G_Bacteroides;SV22;21
SV23;ACGCTGGCGGCGTGCTTAACACATGCAAGTCGAACGGACTCATATTGAAACCTAGTGATGTATGAGTTAGTGGCGGACGGGTGAGTAACGCGTGGAGAACCTGCCGTATACTGGGGGATAACACTTAGAAATAGGTGCTAATACCGCATAAGCGCACAGCTTCGCATGAAGCAGTGTGAAAAACTCCGGTGGTATACGATGGATCCGCGTCTGATTAGCTTGTTGGCGGGGTAAAGGCCCACCAAGGCGACGATCAGTAGCCGGCCTGAGAGGGTGAACGGCCACATTGGGACTGAGACACGG;SV23;23;K_Bacteria;P_Firmicutes;C_Clostridia;O_Clostridiales;F_Lachnospiraceae;G_Eisenbergiella;SV23;22
SV24;ACGCTGGCGGCGTGCTTAACACATGCAAGTCGAACGAAGCGATCGGGAGGAAGTTTTCGGATGGAATCCGGATTGACTGAGTGGCGGACGGGTGAGTAACGCGTGGGTAACCTGCCTCATACAGGGGGATAACAGTTAGAAATGACTGCTAATACCGCATAAGCGCACAGGGACACATGTTCCGGTGTGAAAAACTCCGGTGGTATGAGATGGACCCGCGTCTGATTAGCTGGTTGGCGGGGTAACGGCCCACCAAGGCGACGATCAGTAGCCGACCTGAGAGGGTGACCGGCCACATTGGGACTGAGACACGG;SV24;24;K_Bacteria;P_Firmicutes;C_Clostridia;O_Clostridiales;F_Lachnospiraceae;G_Clostridium_XlVa;SV24;23
SV25;ACGCTGGCGGCGTGCTTAACACATGCAAGTCGAACGGGAATGCCACGCTGATGCGATTTCGGTCAAATCATGTGGCATTCGAGTGGCGGACGGGTGAGTAACGCGTGGGTAACCTGCCTTACACAGGGGGATAACACCTGGAAACAGGTGCTAATACCGCATAAGCGCACAGGGCCGCATGGCCCGGTGTGAAAAACTCCGGTGGTGTAAGATGGACCCGCGTCTGATTAGCTTGTTGGCGGGGTAGGGGCCCACCAAGGCGACGATCAGTAGCCGGCCTGAGAGGGTGGACGGCCACATTGGGACTGAGACACGG;SV25;25;K_Bacteria;P_Firmicutes;C_Clostridia;O_Clostridiales;F_Lachnospiraceae;unclassified_F_Lachnospiraceae;SV25;24
SV26;ACGCTGGCGGCGTGCTTAACACATGCAAGTCGAACGGAGCACCCCTGAAGGAGTTTTCGGACAACGGAAGGGAATGCTTAGTGGCGGACTGGTGAGTAACGCGTGAGGAACCTGCCTTTCGGAGGGGGACAACAGTTGGAAACGACTGCTAATACCGCATGACGTATCGGGATCGCATGGTCTTGATACCAAAGATTTTATCGCCGAAAGATGGCCTCGCGTCTGATTAGCTAGTTGGTGGGGTAACGGCCTACCAAGGCGACGATCAGTAGCCGGACTGAGAGGTTGGCCGGCCACATTGGGACTGAGATACGG;SV26;26;K_Bacteria;P_Firmicutes;C_Clostridia;O_Clostridiales;F_Ruminococcaceae;G_Oscillibacter;SV26;25
SV29;ACGCTGGCGGCGTGCCTTACACATGCAAGTCGAACGTGAAAGTACCTTCGGGTATGAGTAAAGTGGCGCACGGGTGAGTAACGCGTGGATAATCTACCGGGAAGTTCGGAATAACAGCTGGAAACGGTTGCTAATACCGGATACACTACATATAAACGTATGTGGGAAAGACGGCCTCTGCATATGCTGTTGCTTTCCGATGAGTCCGCGTACCATTAGCTAGTTGGTGGGGTAAAGGCCTACCAAGGCGACGATGGTTAACTGGTCTGAGAGGATGATCAGTCACACTGGAACTGGAACACGG;SV29;29;K_Bacteria;P_Proteobacteria;C_Deltaproteobacteria;unclassified_C_Deltaproteobacteria;unclassified_C_Deltaproteobacteria;unclassified_C_Deltaproteobacteria;SV29;28
SV31;ACGCCGGCGGTGTGCCTAATACATGCAAGTCGTACGCACTGGCCCAACTGATTGATGGTGCTTGCACCTGATTGACGATGGATCACCAGTGAGTGGCGGACGGGTGAGTAACACGTAGGTAACCTGCCCCGGAGCGGGGGATAACATTTGGAAACAGATGCTAATACCGCATAACAACAAAAGCCACATGGCTTTTGTTTGAAAGATGGCTTTGGCTATCACTCTGGGATGGACCTGCGGTGCATTAGCTAGTTGGTAAGGTAACGGCTTACCAAGGCGATGATGCATAGCCGAGTTGAGAGACTGATCGGCCACAATGGAACTGAGACACGG;SV31;31;K_Bacteria;P_Firmicutes;C_Bacilli;O_Lactobacillales;F_Lactobacillaceae;G_Lactobacillus;SV31;30
SV32;ACGCTGGCGGCATGCCTAACACATGCAAGTCGAACGGGGTTTATATAACAGAACTCTCCGGAGGGAAGATATATAAACCTAGTGGCGGACGGGTGAGTAACGCGTGGGCAACCTGCCCTGTACCGGGGGACAACAGCCAGAAATGGCTGCTAATACCGCATAAGCCTGCGGTGCCGCATGGCACAGCAGGGAAAACCACGGTGGTACAGGATGGGCCCGCGTCTGATTAGTTAGTTGGCAGGGTAACGGCCTACCAAGACGATGATCAGTAGCCGGCTTGAGAGAGTGGACGGCCACATTGGGACTGAGACACGG;SV32;32;K_Bacteria;P_Firmicutes;C_Clostridia;O_Clostridiales;F_Lachnospiraceae;unclassified_F_Lachnospiraceae;SV32;31
SV33;ACGCTGGCGGCGTGCTTAACACATGCAAGTCGAACGGAGCACCCCTGAAGGAGTTTTCGGACAACGGATGGGAATGCTTAGTGGCGGACTGGTGAGTAACGCGTGAGGAACCTGCCTTCCAGAGGGGGACAACAGTTGGAAACGACTGCTAATACCGCATGATGCGTTGGAGCCGCATGACTCCGACGTCAAAGATTTATCGCTGGAAGATGGCCTCGCGTCTGATTAGCTAGTTGGTGAGGTAACGGCCCACCAAGGCGACGATCAGTAGCCGGACTGAGAGGTTGGCCGGCCACATTGGGACTGAGATACGG;SV33;33;K_Bacteria;P_Firmicutes;C_Clostridia;O_Clostridiales;F_Ruminococcaceae;G_Oscillibacter;SV33;32
SV35;ACGCTAGCTACAGGCTTAACACATGCAAGTCGAGGGGCAGCATGAACTTAGCTTGCTAAGTTTGATGGCGACCGGCGCACGGGTGAGTAACACGTATCCAACCTGCCGATGACTCGGGGATAGCCTTTCGAAAGAAAGATTAATACCCGATGGCATAGTTCTTCCGCATGGTAGAACTATTAAAGAATTTCGGTCATCGATGGGGATGCGTTCCATTAGCTTGTTGGCGGGGTAACGGCCCACCAAGGCATCGATGGATAGGGGTTCTGAGAGGAAGGTCCCCCACATTGGAACTGAGACACGG;SV35;35;K_Bacteria;P_Bacteroidetes;C_Bacteroidia;O_Bacteroidales;F_Bacteroidaceae;G_Bacteroides;SV35;34
SV36;ACGCTGGCGGCGTGCTTAACACATGCAAGTCGAACGGAGCGCCTATGAAGGAGATTTCGGTCAACGGAATAGGCTGCTTAGTGGCGGACGGGTGAGTAACGCGTGAGGAACCTGCCTTTCAGAGGGGGACAACAGTTGGAAACGACTGCTAATACCGCATAACACATAGGTGTCGCATGGCATTTATGTCAAAGATTTATCGCTGAAAGATGGCCTCGCGTCTGATTAGCTAGTTGGTGAGGTAACGGCTCACCAAGGCGACGATCAGTAGCCGGACTGAGAGGTTGGCCGGCCACATTGGGACTGAGATACGG;SV36;36;K_Bacteria;P_Firmicutes;C_Clostridia;O_Clostridiales;F_Ruminococcaceae;G_Oscillibacter;SV36;35
SV38;ACGCTGGCGGCATGCCTAACACATGCAAGTCGAACGGGGTTTATATGACGGAACTCTCCGGAGGGAAGATATATAAACCTAGTGGCGGACGGGTGAGTAACGCGTGGGCAACCTGCCCTGTACCGGGGGACAACAGCCAGAAATGGCTGCTAATACCGCATAAGCCTGCTGTGCCGCATGGCACAGCAGGGAAAACCACGGTGGTACAGGATGGGCCCGCGTCTGATTAGTTAGTTGGCAGGGTAACGGCCTACCAAGACAACGATCAGTAGCCGGCTTGAGAGAGTGGACGGCCACATTGGGACTGAGACACGG;SV38;38;K_Bacteria;P_Firmicutes;C_Clostridia;O_Clostridiales;F_Lachnospiraceae;unclassified_F_Lachnospiraceae;SV38;37
SV39;ACGCTGGCGGCGTGCCTAACACATGCAAGTCGAGCGAAGCGATTTTGAGGAAGTTTTCGGATGGAATCGAAATTGACTTAGCGGCGGACGGGTGAGTAACACGTGGGTAATCTGCCTTATACAGGGGGATAACAGTTAGAAATGACTGCTAATACCGCATAAGCGCACGGGGACGCATGTTTCTGTGTGAAAAACTCCGGTAGTATAAGATGAGCCCGCGTCTGATTAGCTGGTTGGTGGGGTAACGGCCTACCAAGGCGACGATCAGTAGCCGGCCTGAGAGGGTGAACGGCCACATTGGGACTGAGACACGG;SV39;39;K_Bacteria;P_Firmicutes;C_Clostridia;O_Clostridiales;F_Lachnospiraceae;G_Hungatella;SV39;38
SV40;ACGCTGGCGGCGTGCTTAACACATGCAAGTCGAACGGGGATTACACGGAGATGCGATTTCGGTCAAATCAAGTGCAATCTTAGTGGCGGACGGGTGAGTAACGCGTGGGTAACCTGCCTTGCACTGGGGGATAACACTTAGAAATAGGTGCTAATACCGCATAAGCGCACGGTCCTGCATGGGACAGTGTGAAAAACTCCGGTGGTGCAAGATGGACCCGCGTCTGATTAGCTGGTTGGCGGGGTAAAGGCCCACCAAGGCGACGATCAGTAGCCGGCCTGAGAGGGTGGACGGCCACATTGGGACTGAGACACGG;SV40;40;K_Bacteria;P_Firmicutes;C_Clostridia;O_Clostridiales;F_Lachnospiraceae;unclassified_F_Lachnospiraceae;SV40;39
SV45;ACGCTGGCGGCGTGCTTAACACATGCAAGTCGAGCGAAGCACTTTTTTAGAACTCTTCGGAGGGAAGAGAGGGTGACTTAGCGGCGGACGGGTGAGTAACGCGTGGGCAACCTGCCTTACACAGGGGGATAACAATTAGAAATGATTGCTAATACCGCATAAGACCCCAGTACCGCATGGTACAGGGGTAAAAACTGAGGTGGTGTAAGATGGGCCCGCGTCTGATTAGGTAGTTGGTGGGGTAGAAGCCTACCAAGCCGACGATCAGTAGCCGACCTGAGAGGGCGACCGGCCACATTGGGACTGAGACACGG;SV45;45;K_Bacteria;P_Firmicutes;C_Clostridia;O_Clostridiales;F_Lachnospiraceae;unclassified_F_Lachnospiraceae;SV45;43
SV47;ACGCTGGCGGCATGCCTAACACATGCAAGTCGAACGGGGTTTATATAACAGAACTCTCCGGAGGGAAGATATATAAACCTAGTGGCGGACGGGTGAGTAACGCGTGGGCAACCTGCCCTGTACCGGGGGACAACAGCCAGAAATGGCTGCTAATACCGCATAAGCCTGCTGTGCCGCATGGCACAGCAGGGAAAACCACGGTGGTACAGGATGGGCCCGCGTCTGATTAGTTAGTTGGCAGGGTAACGGCCTACCAAGACAACGATCAGTAGCCGGCTTGAGAGAGTGGACGGCCACATTGGGACTGAGACACGG;SV47;47;K_Bacteria;P_Firmicutes;C_Clostridia;O_Clostridiales;F_Lachnospiraceae;unclassified_F_Lachnospiraceae;SV47;45
SV49;ACGCTGGCGGCGTGCCTAACACATGCAAGTCGAACGGACTTATAACGAAACCTAGTGAATTATAAGTTAGTGGCGGACGGGTGAGTAACGCGTGGAAAACCTGCCGTATACTGGGGGATAACACTTAGAAATAGGTGCTAATACCGCATAAGCGCACAGCTTCGCATGAAGCAGTGTGAAAAACTCCGGTGGTATACGATGGTTCCGCGTCTGATTAGCTAGTTGGTGAGGTAAAAGCCCACCAAGGCGACGATCAGTAGCCGGCCTGAGAGGGTGAACGGCCACATTGGGACTGAGACACGG;SV49;49;K_Bacteria;P_Firmicutes;C_Clostridia;O_Clostridiales;F_Lachnospiraceae;G_Eisenbergiella;SV49;47
SV50;ACGCTGGCGGCATGCCTAACACATGCAAGTCGAACGGGGTTTATATGACAGAACTCTCCGGAGGGAAGATATATAAACCTAGTGGCGGACGGGTGAGTAACGCGTGGGCAACCTGCCCTGTACCGGGGGACAACAGCCAGAAATGGCTGCTAATACCGCATAAGCCTGCTGTGCCGCATGGCACAGCAGGGAAAACCACGGTGGTACAGGATGGGCCCGCGTCTGATTAGTTAGTTGGCAGGGTAACGGCCTACCAAGACAACGATCAGTAGCCGGCTTGAGAGAGTGGACGGCCACATTGGGACTGAGACACGG;SV50;50;K_Bacteria;P_Firmicutes;C_Clostridia;O_Clostridiales;F_Lachnospiraceae;unclassified_F_Lachnospiraceae;SV50;48
SV52;ACGCTAGCGACAGGCTTAACACATGCAAGTCGAGGGGTAACAGTATGTAGCAATACATAGCTGACGACCGGCGCACGGGTGAGTAACGCGTATGCAACCTGTCCGTTACAGGGGGATAGCCCATGGAAACGTGGATTAACACTCCATAATATAATATAGAGGCATCTTTGTATTATTAAATATTCATAGGTAACGGTTGGGCATGCGTCCTATTAGATAGTTGGGGGGGTAACGGCCCACCAAGTCGATGATAGGTAGGGGTTCTGAGAGGAAGGTCCCCCACACTGGTACTGAGACACGG;SV52;52;K_Bacteria;P_Bacteroidetes;C_Bacteroidia;O_Bacteroidales;F_Porphyromonadaceae;G_Odoribacter;SV52;50
SV54;ACGCTAGCGACAGGCTTAACACATGCAAGTCGAGGGGCAGCGGGGAGTGAGGCTTGCCTTACTTTGCCGGCGACCGGCGCACGGGTGAGTAACACGTATGCAACCTACCCTTTACAGCGGGATAACCGGAAGAAATTTCGCCTAATACCGCATATACTCCTTGGGAGGCATCTTCCGAGGGGGAAAGAATTTCGGTAAAGGATGGGCATGCGTCGCATTAGTTAGTTGGCGGTGTAACGGACCACCAAGACGACGATGCGTAGGGGTTCTGAGAGGAAGGTCCCCCACACTGGTACTGAGACACGG;SV54;54;K_Bacteria;P_Bacteroidetes;C_Bacteroidia;O_Bacteroidales;unclassified_O_Bacteroidales;unclassified_O_Bacteroidales;SV54;52
SV58;ACGCTGGCGGCGTGCCTAACACATGCAAGTCGAACGGGGTATATAAGCGGAAGTTTACGGATGGAAGGTTATATACTTAGTGGCGGACGGGTGAGTAACGCGTGGGCAACCTGCCCCGTGCCGGGGGATACCGCCTGGAAACAGGCGCTAATACCGCATAAGCGCATACAGCCGCATGGGTGTATGCGGAAAGCTCCGGCGGCACGGGATGGGCCCGCGCCCGATTAGCCAGTTGGCGGGGTAACGGCCCACCAAAGCGACGATCGGTAGCCGGCCTGAGAGGGCGGACGGCCACATTGGGACTGAGACACGG;SV58;58;K_Bacteria;P_Firmicutes;C_Clostridia;O_Clostridiales;F_Lachnospiraceae;unclassified_F_Lachnospiraceae;SV58;55
SV60;ACGCTGGCGGCGTGCCTAACACATGCAAGTCGAACGGATCCATACTGAAACCTAGTGATGTATGGATTAGTGGCGGACGGGTGAGTAACGCGTGGATAACCTGCCGTATACAGGGGGATAACACTTAGAAATAGGTGCTAATACCGCATAAGCGCACGGTTCCGCATGGAACAGTGTGAAAAACTCCGGTGGTATACGATGGATCCGCGTCTGATTAGCCAGTTGGTGGGGTAACGGCCCACCAAAGCGACGATCAGTAGCCGGCCTGAGAGGGTGAACGGCCACATTGGGACTGAGACACGG;SV60;60;K_Bacteria;P_Firmicutes;C_Clostridia;O_Clostridiales;F_Lachnospiraceae;G_Eisenbergiella;SV60;56
SV61;ACGCTAGCGGCAGGCTTAACACATGCAAGTCGAGGGGCATCGGGAGGGAAGCTTGCTTTCCTTGCCGGCGACCGGCGCACGGGTGAGTAACACGTATGCAACCTGCCCTCTTCAGGGGGACAACCTTCCGAAAGGGAGGCTAATCCCGCGTATATCGGTTTCGGGCATCCGAGATCGAGGAAAGATTCATCGGAAGAGGATGGGCATGCGGCGCATTAGCTAGACGGCGGGGTAACGGCCCACCGTGGCGACGATGCGTAGGGGTTCTGAGAGGAAGGTCCCCCACACTGGTACTGAGACACGG;SV61;61;K_Bacteria;P_Bacteroidetes;C_Bacteroidia;O_Bacteroidales;unclassified_O_Bacteroidales;unclassified_O_Bacteroidales;SV61;57
SV63;ACGCTGGCGGCGTGCTTAACACATGCAAGTCGAACGGGGTGCCCATGAAGGAGATTTCGGTCAACGGATTGGGTTACTTAGTGGCGGACGGGTGAGTAACGCGTGAGGAACCTGCCTTTCAGAGGGGGACAACAGTTGGAAACGACTGCTAATACCGCATAACATGTAGGTGTCGCATGGCATTTACATCAAAGATTTATCGCTGAGAGATGGCCTCGCGTCTGATTAGCTAGTTGGTAGGGTAACGGCCTACCAAGGCGACGATCAGTAGCCGGACTGAGAGGTTGGCCGGCCACATTGGGACTGAGATACGG;SV63;63;K_Bacteria;P_Firmicutes;C_Clostridia;O_Clostridiales;F_Ruminococcaceae;G_Oscillibacter;SV63;58
SV64;ACGCTGGCGGCATGCCTAACACATGCAAGTCGAACGGGGTTTATATAACAGAACTCTCCGGAGGGAAGTTATATAAACCTAGTGGCGGACGGGTGAGTAACGCGTGGGGAACCTGCCCTGTACCGGGGGACAACAGCCAGAAATGGCTGCTAATACCGCATAACCCTGCACTGCCGCATGGCGGTGCAGGGAAAACTCCGGTGGTACAGGATGGCCCCGCGTCTGATTAGCTTGTTGGCGGGGTAACGGCCCACCAAGGCAACGATCAGTAGCCGGCTTGAGAGAGCGGACGGCCACATTGGGACTGAGACACGG;SV64;64;K_Bacteria;P_Firmicutes;C_Clostridia;O_Clostridiales;F_Lachnospiraceae;unclassified_F_Lachnospiraceae;SV64;59
SV68;ACGCTGGCGGCGTGCTTAACACATGCAAGTCGAGCGAAGCACTTTTTTAGAACTCTTCGGAGGGAAGAGAGGGTGACTTAGCGGCGGACGGGTGAGTAACGCGTGGGCAACCTGCCTTACACAGGGGGATAACAATTAGAAATGATTGCTAATACCGCATAAGACCCCGGTACCGCATGGTACAGGGGTAAAAACTGAGGTGGTGTAAGATGGGCCCGCGTCTGATTAGGTAGTTGGTGGGGTAGAAGCCTACCAAGCCGACGATCAGTAGCCGACCTGAGAGGGCGACCGGCCACATTGGGACTGAGACACGG;SV68;68;K_Bacteria;P_Firmicutes;C_Clostridia;O_Clostridiales;F_Lachnospiraceae;G_Hungatella;SV68;61
SV70;ACGCTAGCGACAGGCTTAACACATGCAAGTCGAGGGGTAACAGTATGTAGCAATACATAGCTGACGACCGGCGCACGGGTGAGTAACGCGTATGCAACCTGTCCGTTACAGGGGGATAGCCCATGGAAACGTGGATTAACACTCCATAATATAATATAGAGGCATCTTTATATTATTAAATATTCATAGGTAACGGTTGGGCATGCGTCCTATTAGATAGTTGGGGGGGTAACGGCCCACCAAGTCGATGATAGGTAGGGGTTCTGAGAGGAAGGTCCCCCACACTGGTACTGAGACACGG;SV70;70;K_Bacteria;P_Bacteroidetes;C_Bacteroidia;O_Bacteroidales;F_Porphyromonadaceae;G_Odoribacter;SV70;63
SV77;ACGCTGGCGGCGTGCTTAACACATGCAAGTCGAACGAAGCAATAGGAAGGAAGTTTTCGGATGGAATTCATATTGACTGAGTGGCGGACGGGTGAGTAACGCGTGGGTAACCTGCCTCATACAGGGGGATAACAGTTAGAAATGACTGCTAATACCGCATAAGCGCACAGAATCGCATGATTCGGTGTGAAAAACTCCGGTGGTATGAGATGGACCCGCGTCTGATTAGCTAGTTGGTGGGGTAAAGGCCTACCAAGGCGACGATCAGTAGCCGACCTGAGAGGGTGATCGGCCACATTGGGACTGAGACACGG;SV77;77;K_Bacteria;P_Firmicutes;C_Clostridia;O_Clostridiales;F_Lachnospiraceae;unclassified_F_Lachnospiraceae;SV77;66
SV79;ACGCTGGCGGCGTGCTTAACACATGCAAGTCGAACGAAGCACTACCGACGGAACTTTTCGGAGGGAAGATGGTAATGACTGAGTGGCGGACGGGTGAGTAACGCGTGGGCAACCTGCCCCATAGAGGGGGACAACAGCTGGAAACGGCTGCTAATACCGCATAACAAGGAGAGAGCGCATGTTCTTTTCTTCAAAGATTTATCGCTATGGGATGGACCCGCGTCTGATTAGCTGGTTGGTGAGGTAACGGCTCACCAAGGCGACGATCAGTAGCCGGCTTGAGAGAGTGGACGGCCACATTGGGACTGAGACACGG;SV79;79;K_Bacteria;P_Firmicutes;C_Clostridia;O_Clostridiales;F_Lachnospiraceae;G_Anaerostipes;SV79;67
SV82;ACGCTGGCGGCGTGCTTAACACATGCAAGTCGAACGAGAACCATTGGATCGAGGATTCGTCCAAGTGAAGGTGGGGAAAGTGGCGGACGGGTGAGTAACGCGTGAGCAATCTGCCTTGGAGTGGGGAATAACGGCTGGAAACAGCCGCTAATACCGCATGATACAGCTGGGAGGCATCTCCCTGGCTGTCAAAGATTTATCGCTCTGAGATGAGCTCGCGTCTGATTAGCTAGTTGGCGGGGTAACGGCCCACCAAGGCGACGATCAGTAGCCGGACTGAGAGGTTGGCCGGCCACATTGGGACTGAGACACGG;SV82;82;K_Bacteria;P_Firmicutes;C_Clostridia;O_Clostridiales;F_Ruminococcaceae;unclassified_F_Ruminococcaceae;SV82;69
SV85;ACGCTGGCGGCGTGCTTAACACATGCAAGTCGAACGGGGGATGTACAGCGGGAAGATTTCGGTCGGACCAAGTGCATGCCTAGTGGCGGACGGGTGAGTAACGCGTGGGTAACCTGCCTTACACAGGGGGATAACACTTAGAAATAGGTGCTAATACCGCATGAGCGCACAGGACCGCATGGTCGAGTGTGAAAAACTGAGGTGGTGTAAGATGGACCCGCGTCTGATTAGCTAGTTGGTGAGGTAACGGCCCACCAAGGCGACGATCAGTAGCCGGCCTGAGAGGGTGGACGGCCACATTGGGACTGAGACACGG;SV85;85;K_Bacteria;P_Firmicutes;C_Clostridia;O_Clostridiales;F_Lachnospiraceae;unclassified_F_Lachnospiraceae;SV85;72
SV88;ACGCTGGCGGCGTGCTTAACACATGCAAGTCGAACGAAGCACCTGAGAATGATTCTTCGGATGAAGTCTCTTGTGACTGAGTGGCGGACGGGTGAGTAACGCGTGGGTAACCTGCCTCACACAGGGGGATAACAGTTGGAAACGACCGCTAATACCGCATAACCCGCTGGTGCCGCATGGCACTGACGGAAAAGATTTATCGGTGTGAGATGGACCCGCGTCTGATTAGCCAGTTGGCAGGGTAACGGCCTACCAAAGCGACGATCAGTAGCCGGCCTGAGAGGGTGAACGGCCACATTGGGACTGAGACACGG;SV88;88;K_Bacteria;P_Firmicutes;C_Clostridia;O_Clostridiales;F_Lachnospiraceae;unclassified_F_Lachnospiraceae;SV88;75
SV91;ACGCTGGCGGCGTGCTTAACACATGCAAGTCGAGCGAAGCGTATTAGCGGAAGTTTTCGGATGGAAGCGGATATGACTTAGCGGCGGACGGGTGAGTAACGCGTGGATAACCTGCCTCATACAGGGGGATAACAGTTAGAAATGACTGCTAATACCGCATAAGCGCACAGGACCGCATGGTCCGGTGTGAAAAACTCCGGTGGTATGGGATGGATCCGCGTCTGATTAGCTGGTTGGTGAGGTAACGGCCCACCAAGGCGACGATCAGTAGCCGACCTGAGAGGGTGGCCGGCCACATTGGGACTGAGACACGG;SV91;91;K_Bacteria;P_Firmicutes;C_Clostridia;O_Clostridiales;F_Lachnospiraceae;G_Clostridium_XlVa;SV91;77
SV95;ACGCTAGCGACAGGCTTAACACATGCAAGTCGAGGGGCAGCGGGGGAGTAGCAATACTCCCGCCGGCGACCGGCGCACGGGTGAGTAACACGTATGAAACCTGCCCGTAGCAGGGGAATAAGCGGAAGAAATTCCGTCTAATACCGCGTAACAACCCTTGGAGGCATCTCCTCGGGTTTAAAGGAAGCGATTCCGGCTACGGATGGTCATGCGTCGCATTAGCTTGTTGGCGGGGTAACGGCCCACCAAGGCGACGATGCGTAGGGGTTCTGAGAGGAAGGTCCCCCACACTGGTACTGAGACACGG;SV95;95;K_Bacteria;P_Bacteroidetes;C_Bacteroidia;O_Bacteroidales;F_Porphyromonadaceae;unclassified_F_Porphyromonadaceae;SV95;80
SV97;ACGCTGGCGGCGTGCTTAACACATGCAAGTCGAACGGAGCACCCCTGAAGGAGTTTTCGGACAACGGATGGGAATGCTTAGTGGCGGACTGGTGAGTAACGCGTGAGGAACCTGCCTTCCAGAGGGGGACAACAGTTGGAAACGACTGCTAATACCGCATGATGCGTTGGAGCCGCATGACTTCGACGTCAAAGATTTATCGCTGGAAGATGGCCTCGCGTCTGATTAGCTAGTTGGTGAGGTAACGGCCCACCAAGGCGACGATCAGTAGCCGGACTGAGAGGTTGGCCGGCCACATTGGGACTGAGATACGG;SV97;97;K_Bacteria;P_Firmicutes;C_Clostridia;O_Clostridiales;F_Ruminococcaceae;G_Oscillibacter;SV97;82
SV98;ACGCTGGCGGCATGCCTAACACATGCAAGTCGAACGGGGTTTATATAGCGGAACTCTTCGGAGGGAAGCCGTATAAACCTAGTGGCGGACGGGTGAGTAACGCGTGGGGAACCTGCCCTGTACCGGGGGACAACAGCCAGAAATGGCTGCTAATACCGCATAATCCTGCACTACCGCATGGTGGTGCAGGGAAAACTCCGGTGGTACAGGATGGCCCCGCGTCTGATTAGCTTGTTGGCGGGGTAACGGCCCACCAAGGCAACGATCAGTAGCCGGCTTGAGAGAGTGAACGGCCACATTGGGACTGAGACACGG;SV98;98;K_Bacteria;P_Firmicutes;C_Clostridia;O_Clostridiales;F_Lachnospiraceae;unclassified_F_Lachnospiraceae;SV98;83
SV99;ACGCTGGCGGCGTGCCTAACACATGCAAGTCGAACGAAGCATGCCGGAGGAAGTTTTCGGATGGAATCCGGGATGACTGAGTGGCGGACGGGTGAGTAACGCGTGGGTAACCTGCCCTGTACAGGGGGACAACAGTTAGAAATGACTGCTAATACCGCATAAGCGCACAGGACCGCATGGTCCGGTGTGAAAAACTCCGGTGGTACAGGATGGACCCGCGTCTGATTAGGTAGTTGGCGGGGTAACGGCCCACCAAGCCGACGATCAGTAGCCGACCTGAGAGGGTGACCGGCCACATTGGGACTGAGACACGG;SV99;99;K_Bacteria;P_Firmicutes;C_Clostridia;O_Clostridiales;F_Lachnospiraceae;G_Clostridium_XlVa;SV99;84
SV100;ACGCTGGCGGCGTGCTTAACACATGCAAGTCGAACGGAGATATCATTTTCGAAGCGATTAGTTTACTAAGAGCGGAGATGTTGCTATCTTAGTGGCGGACGGGTGAGTAACGCGTGGGTAACCTGCCTTGCACTGGGGGATAACACTTAGAAATAGGTGCTAATACCGCATAACAGTAGGAGACGCATGTCTTTTACTTGAAAACTCCGGTGGTGTAAGATGGACCCGCGTCTGATTAGCTTGTTGGCGGGGTAACGGCCCACCAAGGCAACGATCAGTAGCCGGCCTGAGAGGGTGAACGGCCACATTGGGACTGAGACACGG;SV100;100;K_Bacteria;P_Firmicutes;C_Clostridia;O_Clostridiales;F_Lachnospiraceae;unclassified_F_Lachnospiraceae;SV100;85
SV101;ACGCTGGCGGCGTGCTTAACACATGCAAGTCGAACGGAGCGCCTATGAAGGAGATTTCGGTCAACGGAATAGGTTGCTTAGTGGCGGACGGGTGAGTAACGCGTGAGGAACCTGCCTTTCAGAGGGGGACAACAGTTGGAAACGACTGCTAATACCGCATAACACATAGGTGTCGCATGGCATTTATGTCAAAGATTTATCGCTGAAAGATGGCCTCGCGTCTGATTAGCTAGTTGGTGAGGTAACGGCTCACCAAGGCGACGATCAGTAGCCGGACTGAGAGGTTGGCCGGCCACATTGGGACTGAGATACGG;SV101;101;K_Bacteria;P_Firmicutes;C_Clostridia;O_Clostridiales;F_Ruminococcaceae;G_Oscillibacter;SV101;86
SV102;ACGCTGGCGGCATGCCTAACACATGCAAGTCGAACGGGGTTTATATGACGGAACTCTCCGGAGGGAAGATATATAAACCTAGTGGCGGACGGGTGAGTAACGCGTGGGCAACCTGCCCTGTACCGGGGGACAACAGCCAGAAATGGCTGCTAATACCGCATAAGCCTGCTGTGCCTCATGGCACAGCAGGGAAAACCACGGTGGTACAGGATGGGCCCGCGTCTGATTAGTTAGTTGGCAGGGTAACGGCCTACCAAGACAACGATCAGTAGCCGGCTTGAGAGAGTGGACGGCCACATTGGGACTGAGACACGG;SV102;102;K_Bacteria;P_Firmicutes;C_Clostridia;O_Clostridiales;F_Lachnospiraceae;unclassified_F_Lachnospiraceae;SV102;87
SV108;ACGCTGGCGGCGTGCCTAACACATGCAAGTCGAACGGGGTTATTTAGGAAATTTCCTTCGGGGAATGGAATCTTTAACCTAGTGGCGGACGGGTGAGTAACGCGTGAGCAATCTGCCTTCGGATGGGGGATAACAGCCGGAAACGGCTGCTAATACCGCATAACACATGGGATCCGCATGTTTCCCATGTCAAAGATTTATCGTCCGGAGATGAGCTCGCGTCTGATTAGCTGGTTGGCGGGGTAACGGCCCACCAAGGCGACGATCAGTAGCCGGACTGAGAGGTTGAACGGCCACATTGGGACTGAGACACGG;SV108;108;K_Bacteria;P_Firmicutes;C_Clostridia;O_Clostridiales;F_Ruminococcaceae;G_Butyricicoccus;SV108;91
SV109;ACGCTAGCGGCAGGCTTAACACATGCAAGTCGAGGGGCAGCATGGGGAGTAGCAATACTCTCTGATGGCGACCGGCGCAAGGGTGCGTAACGCGTGAGCAACTTGCCCTCATCAGGGGAATAATCGCTGGAAACGGCGTCTAATGCCCCATGGTGATGTCCTCAGGCATCTGAGGTCATCTAAAGATCCGTCGGATGAGGATAGGCTCGCGTGACATTAGCTAGACGGCGGGGTAACGGCCCACCGTGGCGACGATGTCTAGGGGTTCTGAGAGGAAGGTCCCCCACACTGGAACTGAGACACGG;SV109;109;K_Bacteria;P_Bacteroidetes;C_Bacteroidia;O_Bacteroidales;unclassified_O_Bacteroidales;unclassified_O_Bacteroidales;SV109;92
SV111;ACGCTAGCGGCAGGCTTAACACATGCAAGTCGAGGGGCAGCGAGTAAATTGCTTGCAATTTACGTCGGCGACCGGCGCACGGGTGCGTAACGCGTATGCAACCTACCCATTACAGGGGGATAACACTGAGAAATCGGTACTAATACCCCATAACATCCAGGGAGGCATCTTCTTGGGTTGAAAACTCCGGTGGTGATGGATGGGCATGCGTTGTATTAGTTAGTTGGTGAGGTAACGGCTCACCAAGACGACGATACATAGGGGGACTGAGAGGTTAACCCCCCACATTGGTACTGAGACACGG;SV111;111;K_Bacteria;P_Bacteroidetes;C_Bacteroidia;O_Bacteroidales;F_Rikenellaceae;G_Alistipes;SV111;94
SV113;ACGCTAGCGGCAGGCTTAACACATGCAAGTCGAGGGGCAGCATGGGGAGTAGCAATACTCTCTGATGGCGACCGGCGCAAGGGTGCGTAACGCGTGAGCAACTTGCCCTCATCAGGGGAATAATCGCTGGAAACGGCGTCTAATGCCCCATGGTGATGTCCTCAGGCATCTGAGGTCATCTAAAGATCCGTCGGATGGGGATAGGCTCGCGTGACATTAGCTAGACGGCGGGGTAACGGCCCACCGTGGCGACGATGTCTAGGGGTTCTGAGAGGAAGGTCCCCCACACTGGAACTGAGACACGG;SV113;113;K_Bacteria;P_Bacteroidetes;C_Bacteroidia;O_Bacteroidales;unclassified_O_Bacteroidales;unclassified_O_Bacteroidales;SV113;96
SV115;ACGCTGGCGGCGTGCCTAACACATGCAAGTCGAACGGGGTCTTAGTGCGGAAGTTTTCGGATGGAAGGATTAAGACTTAGTGGCGGACGGGTGAGTAACGCGTGGGTAACCTGCCCTGTACAGGGGGATAACAGTTGGAAACGGCTGCTAAAACCGCATAACATGGAGATACCGCATGATATTTCCATCAAATATTTATAGGTACAGGATGGGCCCGCGTCTGATTAGCCAGTTGGCAGGGTAATGGCCTACCAAAGCGACGATCAGTAGCCGGCTTGAGAGAGTGACCGGCCACATTGGGACTGAGACACGG;SV115;115;K_Bacteria;P_Firmicutes;C_Clostridia;O_Clostridiales;F_Lachnospiraceae;unclassified_F_Lachnospiraceae;SV115;98
SV119;ACGCTGGCGGCATGCCTAACACATGCAAGTCGAACGGGGTTTATATAACAGAACTCTTCGGAGGGAAGTTATATAAACCTAGTGGCGGACGGGTGAGTAACGCGTGGGGAACCTGCCCTGTACCGGGGGACAACAGCCAGAAATGGCTGCTAATACCGCATAACCCTGCACTGCCGCATGGCGGTGCAGGGAAAACTCCGGTGGTACAGGATGGCCCCGCGTCTGATTAGCTTGTTGGCGGGGTAACGGCCCACCAAGGCAACGATCAGTAGCCGGCTTGAGAGAGCGGACGGCCACATTGGGACTGAGACACGG;SV119;119;K_Bacteria;P_Firmicutes;C_Clostridia;O_Clostridiales;F_Lachnospiraceae;unclassified_F_Lachnospiraceae;SV119;100
SV122;ACGCTAGCGGCAGGCTTAACACATGCAAGTCGAGGGGCAGCGAGTAAATTGCTTGCAATTTACGTCGGCGACCGGCGCACGGGTGCGTAACGCGTATGCAACCTACCCATTACAGGGGGATAACACTGGGAAATCGGTACTAATACCCCATAACATCCAGGGAGGCATCTTCTTGGGTTGAAAACTCCGGTGGTGATGGATGGGCATGCGTTGTATTAGTTAGTTGGTGAGGTAACGGCTCACCAAGACGACGATACATAGGGGGACTGAGAGGTTAACCCCCCACATTGGTACTGAGACACGG;SV122;122;K_Bacteria;P_Bacteroidetes;C_Bacteroidia;O_Bacteroidales;F_Rikenellaceae;G_Alistipes;SV122;103
SV124;ACGCTGGCGGCGTGCCTAACACATGCAAGTCGAACGGGGCGCGCAGGCTGAGGCTTTTCGGAGCGGAAGCCGGCGCTGCCCAGTGGCGGACGGGTGAGTAACGCGTGGGCAACCTGCCCTGCACTGGGGGACAACAGCCGGAAACGGCTGCTAATACCGCATATGCCCGCAGCCCCGCATGGGGCGGCGGGGGAAGCTCCGGCGGTGCAGGATGGGCCCGCGTCTGATTAGCTTGTTGGCGGGGCAACGGCCCACCAAGGCGACGATCAGTAGCCGGCCTGAGAGGGTGGGCGGCCACATTGGGACTGAGACACGG;SV124;124;K_Bacteria;P_Firmicutes;C_Clostridia;O_Clostridiales;unclassified_O_Clostridiales;unclassified_O_Clostridiales;SV124;105
SV126;ACGCTGGCGGCGTGCTTAACACATGCAAGTCGAACGGGGATGCATTAAGAAGGAGTGCTTGCATTCCGGAAGGATGTATCTTAGTGGCGGACGGGTGAGTAACGCGTGGGTAACCTGCCCCATACCGGGGGATACCACCTGGAAACAGGTGCTAATACCGCATAAGCGCACGGGAGCGCATGCTCCTGTGTGAAAAACTCCGGTGGTATGGGATGGACCCGCGTCTGATTAGCCAGTTGGCAGGGTAACGGCCTACCAAAGCGACGATCAGTAGCCGGCCTGAGAGGGTGGACGGCCACATTGGGACTGAGACACGG;SV126;126;K_Bacteria;P_Firmicutes;C_Clostridia;O_Clostridiales;F_Lachnospiraceae;unclassified_F_Lachnospiraceae;SV126;107
SV130;ACGCTGGCGGCGTGCCTAACACATGCAAGTCGAACGGGGACAGACGGAAACCTAGTGAAGTCTGTCCGAGTGGCGGACGGGTGAGTAACGCGTGGATAACCTGCCGCATGCAGGGGGATACCGGCTGGAAACAGCCGCTAATACCGCATAAGCGCACGGTGCCGCATGGCAGAGTGCGAAAAGGAGAAATCCGGCAAGCGATGGATCCGCGTCCGATTAGCCAGTTGGCGGGGTAAGGGCCCACCAAAGCGACGATCGGTAGCCGGCCTGAGAGGGCGGACGGCCACATTGGGACTGAGACACGG;SV130;130;K_Bacteria;P_Firmicutes;C_Clostridia;O_Clostridiales;F_Lachnospiraceae;unclassified_F_Lachnospiraceae;SV130;111
SV133;ACGCTGGCGGCGTGCTTAACACATGCAAGTCGAACGAAGCGGCTGCAGGGATTCCCTTCGGGGAGGAACAGTAGCTGTCTGAGTGGCGGACGGGTGAGTAACGCGTGGGCAACCTGCCCCATACCGGGGGATAACAGCCGGAAACGGCTGCTAATACCGCATACGCCCAGGAGGCTGCATAGCTTCCTGGGGAAAACTCCGGTGGTATGGGATGGGCCCGCGTCTGATTAGCTCGTTGGCGGGGTAACGGCCCACCAAGGCGACGATCAGTAGCCGGCCTGAGAGGGCGGCCGGCCACATTGGGACTGAGACACGG;SV133;133;K_Bacteria;P_Firmicutes;C_Clostridia;O_Clostridiales;F_Lachnospiraceae;unclassified_F_Lachnospiraceae;SV133;112
SV135;ACGCTAGCGACAGGCTTAACACATGCAAGTCGAGGGGCAGCGGGTAGATGAGCTTGCTCATTTATGCCGGCGACCGGCGCACGGGTGAGTAACACGTATGCAACCTGCCCGTCTCAGGGGGATAATCGTCGGAAACGGCGTCTAATACCCCGTATGAAGCTGGACGGCATCGTCTGGTTTTGAAAGAATATCGGAGACGGATGGGCATGCGGCGCATTAGCTAGTTGGCGGGGTAACGGCCCACCAAGGCGACGATGCGTAGGGGTTCTGAGAGGAAGGTCCCCCACACTGGTACTGAGACACGG;SV135;135;K_Bacteria;P_Bacteroidetes;C_Bacteroidia;O_Bacteroidales;unclassified_O_Bacteroidales;unclassified_O_Bacteroidales;SV135;114
SV139;ACGCTGGCGGCGTGCTTAACACATGCAAGTCGAACGAAGCACTGGAGAACGAATCTTCGGAGGAAGTCTCCTTTGACTGAGTGGCGGACGGGTGAGTAACGCGTGGGTAACCTGCCTCACACAGGGGGATAACAGTTGGAAACGACCGCTAATACCGCATAAGCCGGAAGGATCGCATGATCCGGCCGGAAAAGATTTATCGGTGTGAGATGGACCCGCGTCTGATTAGCCAGTTGGCAGGGTAACGGCCTACCAAAGCGACGATCAGTAGCCGGCCTGAGAGGGTGAACGGCCACATTGGGACTGAGACACGG;SV139;139;K_Bacteria;P_Firmicutes;C_Clostridia;O_Clostridiales;F_Lachnospiraceae;G_Roseburia;SV139;117
SV142;ACGCTAGCGACAGGCTTAACACATGCAAGTCGAGGGGCAGCGGGGAGTGAGGCTTGCCTTACTTTGCCGGCGACCGGCGCACGGGTGAGTAACACGTATGCAACCTACCCTTTACAGCGGGATAACCGGAAGAAATTTCGCCTAATACCGCATATACTCCTTGGGAGGCATCTTCCGAGGGGGAAAGAATTTCGGTGAAGGATGGGCATGCGTCGCATTAGTTAGTTGGCGGTGTAACGGACCACCAAGACGACGATGCGTAGGGGTTCTGAGAGGAAGGTCCCCCACACTGGTACTGAGACACGG;SV142;142;K_Bacteria;P_Bacteroidetes;C_Bacteroidia;O_Bacteroidales;unclassified_O_Bacteroidales;unclassified_O_Bacteroidales;SV142;119
SV145;ACGCTGGCGGCGTGCTTAACACATGCAAGTCGAATGTAGTTTACTACATGGCGGACGGGTGAGTAATGCGTGAGCAACCTGCCCATATCTGGGGGATAACAGTTGGAAACGACTGATAATACCGCATAATATGGTTAGAAGGCATCTTCTTTCCATCAAAGATTTATCGGATATGGATGGGCTCGCGTCTGATTAGGCTGTTGGTGAGGTAACGGCTCACCAAACCGACGATCAGTAGCCGACCTGAGAGGGTGATCGGCCACATTGGAACTGAGACACGG;SV145;145;K_Bacteria;P_Firmicutes;C_Clostridia;O_Clostridiales;unclassified_O_Clostridiales;unclassified_O_Clostridiales;SV145;121
SV151;ACGCTGGCGGCGTGCTTAACACATGCAAGTCGAACGAAGCACTTTACCTTGATTCCTTCGGGTTGATTGGTACTGTGACTGAGTGGCGGACGGGTGAGTAACGCGTGGGTAACCTGCCCCATACAGGGGGATAACAGATAGAAATGTCTGCTAATACCGCATAAGACCACAGCGCCGCATGGCGCAGGGGTAAAAACTCCGGTGGTATGGGATGGACCCGCGTCTGATTAGCTAGTTGGTGGGGTAAAGGCCCACCAAGGCGACGATCAGTAGCCGACCTGAGAGGGTGACCGGCCACATTGGGACTGAGACACGG;SV151;151;K_Bacteria;P_Firmicutes;C_Clostridia;O_Clostridiales;F_Lachnospiraceae;G_Ruminococcus2;SV151;123
SV155;ACGCTGGCGGCGTGCTTAACACATGCAAGTCGAACGAAGCGGTTAGAAGGAAGTTTTCGGATGGAATTCTGATTGACTGAGTGGCGGACGGGTGAGTAACGCGTGGGTAACCTGCCTCATACAGGGGGATAACAGTTAGAAATGACTGCTAATACCGCATAAGCGCACAGGATTGCATGATTCGGTGTGAAAAACTCCGGTGGTATGAGATGGACCCGCGTCTGATTAGCTGGTTGGTGGGGTAACGGCCCACCAAGGCGACGATCAGTAGCCGACCTGAGAGGGTGACCGGCCACATTGGGACTGAGACACGG;SV155;155;K_Bacteria;P_Firmicutes;C_Clostridia;O_Clostridiales;F_Lachnospiraceae;G_Clostridium_XlVa;SV155;127
SV156;ACGCTGGCGGCGTGCCTAATACATGCAAGTCGAGCGAACAGACGAGGAGCTTGCTCCTCTGACGTTAGCGGCGGACGGGTGAGTAACACGTGGATAACCTACCTATAAGACTGGGATAACTTCGGGAAACCGGAGCTAATACCGGATAATATATTGAACCGCATGGTTCAATAGTGAAAGACGGTTTTGCTGTCACTTATAGATGGATCCGCGCCGCATTAGCTAGTTGGTAAGGTAACGGCTTACCAAGGCAACGATGCGTAGCCGACCTGAGAGGGAGATCGGCCACACTGGAACTGAGACACGG;SV156;156;K_Bacteria;P_Firmicutes;C_Bacilli;O_Bacillales;F_Staphylococcaceae;G_Staphylococcus;SV156;128
SV158;ACGCTGGCGGCGTGCTTAACACATGCAAGTCGAACGGAGCACCCCTGAAGGAGTTTTCGGACAACGGAAGGGAATGCTTAGTGGCGGACTGGTGAGTAACGCGTGAGGAACCTGCCTTTCAGAGGGGGACAACAGTTGGAAACGACTGCTAATACCGCATGATGTATCGGAATCGCATGGTACTGATACCAAAGATTTATCGCTGAAAGATGGCCTCGCGTCTGATTAGCTAGTTGGTGAGGTAACGGCCCACCAAGGCGACGATCAGTAGCCGGACTGAGAGGTTGACCGGCCACATTGGGACTGAGATACGG;SV158;158;K_Bacteria;P_Firmicutes;C_Clostridia;O_Clostridiales;F_Ruminococcaceae;G_Oscillibacter;SV158;130
SV166;ACGCTGGCGGCGTGCTTAACACATGCAAGTCGAACGGACCCATATTGAAACCTAGTGATATATGGGTTAGTGGCGGACGGGTGAGTAACGCGTGGGTAACCTGCCTTACACAGGGGGATAACACTTAGAAATAGGTGCTAAAACCGCATAAGCGCACAGCTTCGCATGAAGCGGTGTGAAAAACTCCGGTGGTGTAAGATGGACCCGCGTCTGATTAGCTTGTTGGCGGGGTAACGGCCCACCAAGGCGACGATCAGTAGCCGGCCTGAGAGGGCGGACGGCCACATTGGGACTGAGACACGG;SV166;166;K_Bacteria;P_Firmicutes;C_Clostridia;O_Clostridiales;F_Lachnospiraceae;unclassified_F_Lachnospiraceae;SV166;137
SV169;ACGCTGGCGGCGTGCCTAACACATGCAAGTCGAGCGAAGCGATTTTGAGGAAGTTTTCGGATGGAATTGAAATTGACTTAGCGGCGGACGGGTGAGTAACACGTGGGTAATCTGCCTTATACAGGGGGATAACAGTTAGAAATGACTGCTAATACCGCATAAGCGCACGGGGACGCATGTTTCTGTGTGAAAAACTCCGGTAGTATAAGATGAGCCCGCGTCTGATTAGCTGGTTGGTGGGGTAACGGCCTACCAAGGCGACGATCAGTAGCCGGCCTGAGAGGGTGAACGGCCACATTGGGACTGAGACACGG;SV169;169;K_Bacteria;P_Firmicutes;C_Clostridia;O_Clostridiales;F_Lachnospiraceae;G_Hungatella;SV169;139
SV170;ACGCTGGCGGCGTGCTTAACACATGCAAGTCGAACGAAGCGATTGGAAGGAAGTTTTCGGATGGAATTCTGATTGACTGAGTGGCGGACGGGTGAGTAACGCGTGGGTAACCTGCCTCATACAGGGGGATAACAGTTAGAAATGACTGCTAATACCGCATAAGCGCACAGGATTGCATGATCCAGTGTGAAAAACTCCGGTGGTATGAGATGGACCCGCGTCTGATTAGCTGGTTGGCGGGGTAACGGCCCACCAAGGCGACGATCAGTAGCCGACCTGAGAGGGTGACCGGCCACATTGGGACTGAGACACGG;SV170;170;K_Bacteria;P_Firmicutes;C_Clostridia;O_Clostridiales;F_Lachnospiraceae;G_Clostridium_XlVa;SV170;140
SV173;ACGCTGGCGGCGTGCCTAACACATGCAAGTCGAACGGACTTAATATGAAACCTAGTGATTGTTAAGTTAGTGGCGGACGGGTGAGTAACGCGTGGATAACCTGCCGTATGCAGGGGGATAACAGTTGGAAACAGCTGCTAATACCGCATAAGCGCACGGTGCCGCATGGTACAGTGCGAAAAGATTTATCGGCATACGATGGATCCGCGTCCGATTAGCCAGTTGGCGGGGTAACGGCCCACCAAAGCGACGATCGGTAGCCGGCCTGAGAGGGCGGACGGCCACATTGGGACTGAGACACGG;SV173;173;K_Bacteria;P_Firmicutes;C_Clostridia;O_Clostridiales;F_Lachnospiraceae;G_Acetatifactor;SV173;141
SV180;ACGCTGGCGGCGTGCTTAACACATGCAAGTCGAACGAAGCGATTGGAAGGAAGTTTTCGGATGGAATTCTGATTGACTGAGTGGCGGACGGGTGAGTAACGCGTGGGTAACCTGCCTCATACAGGGGGATAACAGTTAGAAATGACTGCTAATACCGCATAAGCGCACAGGATTGCATGATCCGGTGTGAAAAACTCCGGTGGTATGAGATGGACCCGCGTCTGATTAGCTGGTTGGTGGGGTAACGGCCCACCAAGGCGACGATCAGTAGCCGACCTGAGAGGGTGACCGGCCACATTGGGACTGAGACACGG;SV180;180;K_Bacteria;P_Firmicutes;C_Clostridia;O_Clostridiales;F_Lachnospiraceae;G_Clostridium_XlVa;SV180;146
SV181;ACGCCGGCGGTGTGCCTAATACATGCAAGTCGTACGCACTGGCCCAACTGATTGATGGTGCTTGCACCTGATTGACGTTGGATCACCAGTGAGTGGCGGACGGGTGAGTAACACGTAGGTAACCTGCCCCGGAGCGGGGGATAACATTTGGAAACAGATGCTAATACCGCATAACAACAAAAGCCACATGGCTTTTGTTTGAAAGATGGCCTTGGCTATCACTCTGGGATGGACCTGCGGTGCATTAGCTAGTTGGTAAGGTAACGGCTTACCAAGGCGATGATGCATAGCCGAGTTGAGAGACTGATCGGCCACAATGGAACTGAGACACGG;SV181;181;K_Bacteria;P_Firmicutes;C_Bacilli;O_Lactobacillales;F_Lactobacillaceae;G_Lactobacillus;SV181;147
SV184;ACGCTGGCGGCGTGCTTAACACATGCAAGTCGAGCGAAGCACTTTGTTTTGAATCTTCGGAGGAAGAACGAAGTGACTGAGCGGCGGACGGGTGAGTAACGCGTGGGCAACCTGCCTCATACAGGGGGATAACAGTTAGAAATGACTGCTAATACCGCATAAGACCACGGTACTGCATGGTACAGTGGTAAAAACTCCGGTGGTATGAGATGGGCCCGCGTCTGATTAGCTGGTTGGTGAGGTAACGGCTCACCAAGGCAACGATCAGTAGCCGACCTGAGAGGGCGACCGGCCACATTGGGACTGAGACACGG;SV184;184;K_Bacteria;P_Firmicutes;C_Clostridia;O_Clostridiales;F_Lachnospiraceae;G_Dorea;SV184;149
SV197;ACGCTGGCGGCGTGCCTAACACATGCAAGTCGAACGGGCTCGGATTGAAACCTAGTGATTTCCGAGTTAGTGGCGGACGGGTGAGTAACGCGTGGATAACCTGCCGTATGCAGGGGGATAACAGTTGGAAACAGCTGCTAATACCGCATAAGCGCACAGTACCGCATGGTACGGTGTGAAAAGATTTATCGGCATACGATGGATCCGCGTCCGATTAGCCAGTTGGCGGGGTAACGGCCCACCAAAGCGACGATCGGTAGCCGGCCTGAGAGGGCGGACGGCCACATTGGGACTGAGACACGG;SV197;197;K_Bacteria;P_Firmicutes;C_Clostridia;O_Clostridiales;F_Lachnospiraceae;G_Acetatifactor;SV197;157
SV212;ACGCTGGCGGCGTGCCTAACACATGCAAGTCGAACGGGGCGTGCCGATGGAAACTTTTCGGAGCGGAAATTGGCGCTGCCTAGTGGCGGACGGGTGAGTAACGCGTGAGCAACCTGCCCTGCACTGGGGGACAACAGCCGGAAACGGCTGCTAATACCGCATAGGCGCACAGCCCTGCATGGGGCGGTGTGGAAAGTAATACGGTGCAGGATGGGCTCGCGTCTGATTAGCTTGTTGGCGGGGCAACGGCCCACCAAGGCGACGATCAGTAGCCGGCCTGAGAGGGTGGACGGCCACATTGGGACTGAGACACGG;SV212;212;K_Bacteria;P_Firmicutes;C_Clostridia;O_Clostridiales;unclassified_O_Clostridiales;unclassified_O_Clostridiales;SV212;167
SV216;ACGCTGGCGGCGTGCTTAACACATGCAAGTCGAGCGAAGCGCTTTTTTAGAACTCTTCGGAGGGAAGAGAGGGTGACTTAGCGGCGGACGGGTGAGTAACGCGTGGGCAACCTGCCTTACACAGGGGGATAACAATTAGAAATGATTGCTAATACCGCATAAGACCCCGGTACCGCATGGTACAGAGGTAAAAACTGAGGTGGTGTAAGATGGGCCCGCGTCTGATTAGGTAGTTGGTGGGGTAGAAGCCTACCAAGCCGACGATCAGTAGCCGACCTGAGAGGGCGACCGGCCACATTGGGACTGAGACACGG;SV216;216;K_Bacteria;P_Firmicutes;C_Clostridia;O_Clostridiales;F_Lachnospiraceae;G_Hungatella;SV216;170
SV229;ACGCTGGCGGCGTGCTTAACACATGCAAGTCGAACGAAGCGATCAGGAGGAAGTTTTCGGATGGAATCCGGATTGACTGAGTGGCGGACGGGTGAGTAACGCGTGGGTAACCTGCCTCATACAGGGGGATAACAGTTAGAAATGACTGCTAATACCGCATAAGCGCACAGGGACACATGTTCCGGTGTGAAAAACTCCGGTGGTATGAGATGGACCCGCGTCTGATTAGCTGGTTGGCGGGGTAACGGCCCACCAAGGCGACGATCAGTAGCCGACCTGAGAGGGTGACCGGCCACATTGGGACTGAGACACGG;SV229;229;K_Bacteria;P_Firmicutes;C_Clostridia;O_Clostridiales;F_Lachnospiraceae;G_Clostridium_XlVa;SV229;176
SV234;ACGCTGGCGGCGTGCCTAATACATGCAAGTCGAACGGAGATATTCGCTGATGAAGTACTTCGGTAATGAATCTTGGATATCTTAGTGGCGGACGGGTGAGTAACGCGTGAGCAACCTGCCTTTCAGAGGGGGATAACGTTTGGAAACGAACGCTAATACCGCATGACATTATCTTATCGCATGGTAGGATAATCAAAGGAGCAATCCGCTGAAAGATGGGCTCGCGTCCGATTAGGTAGTTGGTGGGGTAACGGCCCACCAAGCCGACGATCGGTAGCCGGACTGAGAGGTTGGACGGCCACATTGGGACTGAGACACGG;SV234;234;K_Bacteria;P_Firmicutes;C_Clostridia;O_Clostridiales;F_Ruminococcaceae;unclassified_F_Ruminococcaceae;SV234;180
SV238;ACGCTGGCGGCGTGCCTAACACATGCAAGTCGAGCGGAGCAATCTTGATGAAGTTTTCGGATGGAATCAGGATTGTCTTAGCGGCGGACGGGTGAGTAACACGTGGATAACCTGCCTTATACTGGGGGATAACAGCCAGAAATGGCTGCTAATACCGCATAAGCGCACGGCGCCGCATGGCGCAGTGTGAAAAACTCCGGTGGTATAAGATGGATCCGCGCCTGATTAGCTAGTTGGCGGGGCAGCGGCCCACCAAGGCGACGATCAGTAGCCGGCCTGAGAGGGCGACCGGCCACATTGGGACTGAGACACGG;SV238;238;K_Bacteria;P_Firmicutes;C_Clostridia;O_Clostridiales;F_Lachnospiraceae;G_Marvinbryantia;SV238;184
SV243;ACGCTAGCTACAGGCTTAACACATGCAAGTCGAGGGGCAGCATGGCCTATCTTTCGGGATGGGTCGATGGCGACCGGCGCACGGGTGAGTAACGCGTATCCAACCTTCCCTTTACTGGGGTCCAGCCCGTCGAAAGGCGGATTAATCCCCCATGTTCTCCGTCCCGGACATCTGTGTCGGAGCAAAGATTTATCGGTAAAGGATGGGGATGCGTCCGATTAGCTTGTTGGCGGGGTAACAGCCCACCAAGGCATCGATCGGTAGGGGTTCTGAGAGGAAGGTCCCCCACACTGGAACTGAGACACGG;SV243;243;K_Bacteria;P_Bacteroidetes;C_Bacteroidia;O_Bacteroidales;F_Prevotellaceae;unclassified_F_Prevotellaceae;SV243;188
SV246;ACGCTGGCGGCGTGCCTAACACATGCAAGTCGAACGGGCTTAACATGAAACCTAGTGATTGTTAAGTTAGTGGCGGACGGGTGAGTAACGCGTGGATAACCTGCCGTATGCAGGGGGATAACAGTTGGAAACAGCTGCTAATACCGCATAAGCGCACAGTACCGCATGGTACGGTGTGAAAAGATTTATCGGCATACGATGGATCCGCGTCCGATTAGCCAGTTGGCGGGGTAACGGCCCACCAAAGCGACGATCGGTAGCCGGCCTGAGAGGGCGGACGGCCACATTGGGACTGAGACACGG;SV246;246;K_Bacteria;P_Firmicutes;C_Clostridia;O_Clostridiales;F_Lachnospiraceae;G_Acetatifactor;SV246;190
SV248;ACGCTGGCGGCGTGCCTAACACATGCAAGTCGAACGTGCCTGTGCGGAAACCTAGTGAAGCGCAGGCAAGTGGCGGACGGGTGAGTAACGCGTGGGTAACCTGCCGTATACAGGGGGATAACAGCCGGAAACGGCTGCTAAGACCGCATAAGCGCACGGCACCGCATGGTGCAGTGTGAAAAGCTCCGGTGGTATACGATGGACCCGCGTCTGATTAGCCAGTTGGCAGGGTAACGGCCTACCAAAGCGACGATCAGTAGCCGGCCTGAGAGGGTGGACGGCCACATTGGGACTGAGACACGG;SV248;248;K_Bacteria;P_Firmicutes;C_Clostridia;O_Clostridiales;F_Lachnospiraceae;unclassified_F_Lachnospiraceae;SV248;192
SV264;ACGCTAGCGGCAGGCTTAACACATGCAAGTCGAGGGGCAGCGAGTAAATTGCTTGCAATTTATGTCGGCGACCGGCGGACGGGTGCGTAACGCGTATGCAACCTACCCATTACAGGGGGATAACACTGAGAAATCGGTACTAATACCCCATAACATCAGAGGAGGCATCTCCTTTGGTTGAAAACTCCGGTGGTAATGGATGGGCATGCGTTGTATTAGTTAGTTGGTGTGGTAACGGCTCACCAAGACTACGATACATAGGGGGACTGAGAGGTTAACCCCCCACATTGGTACTGAGACACGG;SV264;264;K_Bacteria;P_Bacteroidetes;C_Bacteroidia;O_Bacteroidales;F_Rikenellaceae;G_Alistipes;SV264;205
SV281;ACGCTGGCGGCGTGCCTAACACATGCAAGTCGAACGGACTCGGATTGAAACCTAGTGATTTCCGAGTTAGTGGCGGACGGGTGAGTAACGCGTGGATAACCTGCCGTATGCAGGGGGATAACAGTTGGAAACAGCTGCTAATACCGCATAAGCGCACAATACCGCATGGTACTGTGTGAAAAGATTTATCGGCATACGATGGATCCGCGTCCGATTAGCCAGTTGGCGGGGTAACGGCCCACCAAAGCGACGATCGGTAGCCGGCCTGAGAGGGCGGACGGCCACATTGGGACTGAGACACGG;SV281;281;K_Bacteria;P_Firmicutes;C_Clostridia;O_Clostridiales;F_Lachnospiraceae;unclassified_F_Lachnospiraceae;SV281;214
SV293;ACGCTGGCGGCGTGCTTAACACATGCAAGTCGAGCGAAGCACTTTGTTTTGAATCTTCGGAGGAAGAACGAAGTGACTGAGCGGCGGACGGGTGAGTAACGCGTGGGCAACCTGCCTCATACAGGGGGATAACAGTTAGAAATGACTGCTAATACCGCATAAGACCACGGTACTGCATGGTACAGTGGTAAAAACTCCGGTGGTATGAGATGGGCCCGCGTCTGATTAGCTGGTTGGTGAGGTAACGGCTCACCAAGGCAACGATCAGTAGCCGACCTGAGAGGGTGACCGGCCACATTGGGACTGAGACACGG;SV293;293;K_Bacteria;P_Firmicutes;C_Clostridia;O_Clostridiales;F_Lachnospiraceae;G_Dorea;SV293;224
SV370;ACGCTGGCGGCGTGCCTAACACATGCAAGTCGAGCGGAGCGATCTTGATGAAGTTTTCGGATGGAATCAGGATTGACTTAGCGGCGGACGGGTGAGTAACACGTGGATAACCTGCCTTATACTGGGGGATAACAGCCAGAAATGGCTGCTAATACCGCATAAGCGCACGGCGCCGCATGGCGCAGTGTGAAAAACTCCGGTGGTATAAGATGGATCCGCGCCTGATTAGCTAGTTGGCGGGGCAGCGGCCCACCAAGGCGACGATCAGTAGCCGGCCTGAGAGGGCGACCGGCCACATTGGGACTGAGACACGG;SV370;370;K_Bacteria;P_Firmicutes;C_Clostridia;O_Clostridiales;F_Lachnospiraceae;G_Marvinbryantia;SV370;275
SV376;ACGCTGGCGGCGTGCTTAACACATGCAAGTCGAACGGAGCACCCCAGAAGGAGTTTTCGGACAACGGATGGGAATGCTTAGTGGCGGACTGGTGAGTAACGCGTGAGGAACCTGCCTTCCAGAGGGGGACAACAGTTGGAAACGACTGCTAATACCGCATGATGCGTTGGAGCCGCATGACTCCGACGTCAAAGATTTATCGCTGGAAGATGGCCTCGCGTCTGATTAGCTAGTTGGTGAGGTAACGGCCCACCAAGGCGACGATCAGTAGCCGGACTGAGAGGTTGGCCGGCCACATTGGGACTGAGATACGG;SV376;376;K_Bacteria;P_Firmicutes;C_Clostridia;O_Clostridiales;F_Ruminococcaceae;G_Oscillibacter;SV376;280
SV396;ACGCTGGCGGCGTGCTTAACACATGCAAGTCGAGCGAAGCGCTTTTTTAGAACTCTTCGGAGGGAAGAGAGGGTGACTTAGCGGCGGACGGGTGAGTAACGCGTGGGCAACCTGCCTTACACAGGGGGATAACAATTAGAAATGATTGCTAATACCGCATAAGACCCCAGTGCCGCATGGTACAGGGGTAAAAACTGAGGTGGTGTAAGATGGGCCCGCGTCTGATTAGGTAGTTGGTGGGGTAGAAGCCTACCAAGCCGACGATCAGTAGCCGACCTGAGAGGGCGACCGGCCACATTGGGACTGAGACACGG;SV396;396;K_Bacteria;P_Firmicutes;C_Clostridia;O_Clostridiales;F_Lachnospiraceae;G_Hungatella;SV396;291
SV746;ACGCTGGCGGCGTGCTTAACACATGCAAGTCGAACGGGGTGCCTTTGACAGAGGATTCGTCCAATGGATAAGGTTACCTAGTGGCGGACGGGTGAGTAACCCGTGAGTAACCTGCCCTGGAGTGGGGAATAACAGCTGGAAACAGCTGCTAATACCGCATAATGCAGTTGGGTCGCATGGCTCTGACTGCCAAAGATTTATCGCTCTGGGATGGACTCGCGTCTGATTAGCTAGTTGGTGGGGCAACGGCCCACCAAGGCGACGATCAGTAGCCGGACTGAGAGGTTGGCCGGCCACATTGGGACTGAGACACGG;SV746;746;K_Bacteria;P_Firmicutes;C_Clostridia;O_Clostridiales;F_Ruminococcaceae;G_Flavonifractor;SV746;445